{
  "CUED-Net": {
    "ece_pooled": 0.1592267005735973,
    "mce_pooled": 0.25965547941116074,
    "brier_pooled": 0.1660754250114911,
    "nll_pooled": 0.5144423802178514,
    "ece_mean": 0.1592267005735973,
    "ece_std": 0.009581514869197397,
    "mce_mean": 0.28927762437478777,
    "mce_std": 0.03298498698940314,
    "brier_mean": 0.1660754250114911,
    "brier_std": 0.0013114032560425479,
    "nll_mean": 0.5144423802178514,
    "nll_std": 0.0033424108043461184,
    "n_samples": 2650,
    "n_seeds": 5
  },
  "TMC": {
    "ece_pooled": 0.09584906164767606,
    "mce_pooled": 0.2467959923061294,
    "brier_pooled": 0.15162053797343497,
    "nll_pooled": 0.47464002205279393,
    "ece_mean": 0.10130565702352883,
    "ece_std": 0.012932337344941326,
    "mce_mean": 0.25938012997499016,
    "mce_std": 0.022327367046873627,
    "brier_mean": 0.15162053797343494,
    "brier_std": 0.005025654792658098,
    "nll_mean": 0.4746400220527939,
    "nll_std": 0.013100556617845531,
    "n_samples": 2650,
    "n_seeds": 5
  },
  "Deep-Ensemble(M=5)": {
    "ece_pooled": 0.08848329888867602,
    "mce_pooled": 0.24916359037160873,
    "brier_pooled": 0.15292991946922135,
    "nll_pooled": 0.47668368543661804,
    "ece_mean": 0.10276412238033031,
    "ece_std": 0.009393889766606173,
    "mce_mean": 0.27943802527120143,
    "mce_std": 0.03587790316955862,
    "brier_mean": 0.15292991946922138,
    "brier_std": 0.0020981798111596316,
    "nll_mean": 0.47668368543661793,
    "nll_std": 0.005053618953117097,
    "n_samples": 2650,
    "n_seeds": 5
  },
  "MC-Dropout": {
    "ece_pooled": 0.08816431332660735,
    "mce_pooled": 0.22351170546635632,
    "brier_pooled": 0.15809770063597645,
    "nll_pooled": 0.4892230378302495,
    "ece_mean": 0.09740999147858259,
    "ece_std": 0.01672789859432705,
    "mce_mean": 0.2627198877133316,
    "mce_std": 0.048106870960873925,
    "brier_mean": 0.15809770063597645,
    "brier_std": 0.0031083798589441975,
    "nll_mean": 0.48922303783024956,
    "nll_std": 0.008106902015314525,
    "n_samples": 2650,
    "n_seeds": 5
  },
  "Single-view-EDL": {
    "ece_pooled": 0.102674056488388,
    "mce_pooled": 0.21950151818392447,
    "brier_pooled": 0.17766306915789734,
    "nll_pooled": 0.5382551799052779,
    "ece_mean": 0.10553136271688172,
    "ece_std": 0.012964422288488021,
    "mce_mean": 0.24968014567617386,
    "mce_std": 0.03907613766029469,
    "brier_mean": 0.17766306915789734,
    "brier_std": 0.0022783458105842956,
    "nll_mean": 0.5382551799052779,
    "nll_std": 0.004880428017677106,
    "n_samples": 2650,
    "n_seeds": 5
  }
}