{
  "coverage_grid": [
    0.5,
    0.6,
    0.7,
    0.8,
    0.9,
    1.0
  ],
  "methods": {
    "CUED-Net Ens. (u_total)": {
      "model": "CUED-Net-Ensemble",
      "signal": "u_total",
      "selective_f1": {
        "0.5": 0.910828025477707,
        "0.6": 0.8944444444444445,
        "0.7": 0.875,
        "0.8": 0.8475336322869955,
        "0.9": 0.8416833667334669,
        "1.0": 0.8237476808905381
      },
      "selective_acc": {
        "0.5": 0.8943396226415095,
        "0.6": 0.8805031446540881,
        "0.7": 0.8652291105121294,
        "0.8": 0.839622641509434,
        "0.9": 0.8343815513626834,
        "1.0": 0.8207547169811321
      },
      "delta_f1_70": 0.05125231910946193,
      "delta_f1_50": 0.08708034458716896,
      "auroc_err": 0.6555595886267392,
      "mw_p": 9.996633567545084e-07,
      "aurc": 0.11430806974124451,
      "eaurc": 0.09718738454378681
    },
    "CUED-Net Ens. (u_disc)": {
      "model": "CUED-Net-Ensemble",
      "signal": "u_disc",
      "selective_f1": {
        "0.5": 0.9050632911392406,
        "0.6": 0.8804347826086957,
        "0.7": 0.8648648648648649,
        "0.8": 0.8533333333333334,
        "0.9": 0.845691382765531,
        "1.0": 0.8237476808905381
      },
      "selective_acc": {
        "0.5": 0.8867924528301887,
        "0.6": 0.8616352201257862,
        "0.7": 0.8517520215633423,
        "0.8": 0.8443396226415094,
        "0.9": 0.8385744234800838,
        "1.0": 0.8207547169811321
      },
      "delta_f1_70": 0.04111718397432684,
      "delta_f1_50": 0.08131561024870249,
      "auroc_err": 0.6284573502722324,
      "mw_p": 4.331900377319483e-05,
      "aurc": 0.1162289030908883,
      "eaurc": 0.0991082178934306
    },
    "CUED-Net (u_disc)": {
      "model": "CUED-Net",
      "signal": "u_disc",
      "selective_f1": {
        "0.5": 0.8842921784098254,
        "0.6": 0.8709315375982043,
        "0.7": 0.865686274509804,
        "0.8": 0.8551298987230295,
        "0.9": 0.844551282051282,
        "1.0": 0.834070796460177
      },
      "selective_acc": {
        "0.5": 0.8649056603773585,
        "0.6": 0.8553459119496856,
        "0.7": 0.8522911051212938,
        "0.8": 0.844811320754717,
        "0.9": 0.8373165618448637,
        "1.0": 0.8301886792452831
      },
      "delta_f1_70": 0.031615478049626944,
      "delta_f1_50": 0.050221381949648425,
      "auroc_err": 0.5806156565656565,
      "mw_p": 3.395824280851904e-08,
      "aurc": 0.13811277021787785,
      "eaurc": 0.12280145963928113
    },
    "CUED-Net (u_evid)": {
      "model": "CUED-Net",
      "signal": "u_evid",
      "selective_f1": {
        "0.5": 0.885396201702685,
        "0.6": 0.8780760626398211,
        "0.7": 0.8619830592924763,
        "0.8": 0.8509509066784608,
        "0.9": 0.8415563578018451,
        "1.0": 0.834070796460177
      },
      "selective_acc": {
        "0.5": 0.8679245283018868,
        "0.6": 0.8628930817610063,
        "0.7": 0.8506738544474394,
        "0.8": 0.8410377358490566,
        "0.9": 0.8343815513626834,
        "1.0": 0.8301886792452831
      },
      "delta_f1_70": 0.027912262832299306,
      "delta_f1_50": 0.05132540524250795,
      "auroc_err": 0.5870181818181818,
      "mw_p": 2.8522122354945735e-09,
      "aurc": 0.132518673578512,
      "eaurc": 0.11720736299991527
    },
    "CUED-Net (u_comb)": {
      "model": "CUED-Net",
      "signal": "u_combined",
      "selective_f1": {
        "0.5": 0.8967286722257858,
        "0.6": 0.8790095666854248,
        "0.7": 0.8635235732009926,
        "0.8": 0.8510258697591436,
        "0.9": 0.8430744595676541,
        "1.0": 0.834070796460177
      },
      "selective_acc": {
        "0.5": 0.8784905660377359,
        "0.6": 0.8647798742138365,
        "0.7": 0.8517520215633423,
        "0.8": 0.8424528301886792,
        "0.9": 0.8356394129979036,
        "1.0": 0.8301886792452831
      },
      "delta_f1_70": 0.02945277674081559,
      "delta_f1_50": 0.06265787576560877,
      "auroc_err": 0.607650505050505,
      "mw_p": 2.8728646363428516e-13,
      "aurc": 0.12113717352035455,
      "eaurc": 0.10582586294175783
    },
    "TMC": {
      "model": "TMC",
      "signal": "native",
      "selective_f1": {
        "0.5": 0.8993377483443709,
        "0.6": 0.8814139110604333,
        "0.7": 0.8651348651348651,
        "0.8": 0.8496207050423918,
        "0.9": 0.8395657418576599,
        "1.0": 0.8299669482188763
      },
      "selective_acc": {
        "0.5": 0.8852830188679245,
        "0.6": 0.869182389937107,
        "0.7": 0.8544474393530997,
        "0.8": 0.8410377358490566,
        "0.9": 0.8327044025157233,
        "1.0": 0.8252830188679245
      },
      "delta_f1_70": 0.03516791691598886,
      "delta_f1_50": 0.06937080012549457,
      "auroc_err": 0.6289906684008489,
      "mw_p": 1.2413898574899396e-18,
      "aurc": 0.11609237896150726,
      "eaurc": 0.09985359131675464
    },
    "Deep-Ensemble": {
      "model": "Deep-Ensemble(M=5)",
      "signal": "native",
      "selective_f1": {
        "0.5": 0.8792207792207792,
        "0.6": 0.8664058133035215,
        "0.7": 0.8533201189296333,
        "0.8": 0.8440528634361234,
        "0.9": 0.8340663734506197,
        "1.0": 0.8200073019350128
      },
      "selective_acc": {
        "0.5": 0.859622641509434,
        "0.6": 0.849685534591195,
        "0.7": 0.8404312668463612,
        "0.8": 0.8330188679245283,
        "0.9": 0.8259958071278826,
        "1.0": 0.8139622641509434
      },
      "delta_f1_70": 0.03331281699462052,
      "delta_f1_50": 0.059213477285766425,
      "auroc_err": 0.6092894402017677,
      "mw_p": 1.6952049090025403e-14,
      "aurc": 0.13004629277078297,
      "eaurc": 0.11155559013555073
    },
    "MC-Dropout": {
      "model": "MC-Dropout",
      "signal": "native",
      "selective_f1": {
        "0.5": 0.9045045045045045,
        "0.6": 0.8839662447257384,
        "0.7": 0.8725023786869648,
        "0.8": 0.8541846419327006,
        "0.9": 0.8340559716200237,
        "1.0": 0.8131550415612577
      },
      "selective_acc": {
        "0.5": 0.88,
        "0.6": 0.8616352201257862,
        "0.7": 0.8555256064690027,
        "0.8": 0.840566037735849,
        "0.9": 0.8234800838574423,
        "1.0": 0.8049056603773584
      },
      "delta_f1_70": 0.059347337125707056,
      "delta_f1_50": 0.09134946294324675,
      "auroc_err": 0.6655807559389569,
      "mw_p": 6.476130097714319e-32,
      "aurc": 0.1199938175389419,
      "eaurc": 0.09958831997012146
    },
    "Single-view-EDL": {
      "model": "Single-view-EDL",
      "signal": "native",
      "selective_f1": {
        "0.5": 0.8580771746239372,
        "0.6": 0.8401570386988222,
        "0.7": 0.8295341922695738,
        "0.8": 0.8118279569892473,
        "0.9": 0.8004895960832313,
        "1.0": 0.7924528301886793
      },
      "selective_acc": {
        "0.5": 0.8362264150943396,
        "0.6": 0.8207547169811321,
        "0.7": 0.81455525606469,
        "0.8": 0.8018867924528302,
        "0.9": 0.7949685534591195,
        "1.0": 0.7883018867924528
      },
      "delta_f1_70": 0.03708136208089452,
      "delta_f1_50": 0.06562434443525789,
      "auroc_err": 0.5912627812777054,
      "mw_p": 1.4952619867075492e-11,
      "aurc": 0.15997598544240746,
      "eaurc": 0.1357945250500455
    }
  }
}